DATE,NAME,AGE,MOBILE,TIME

25|01|2022,abhishek,25,2222222222,23:57:39
25|01|2022,abhishek,25,2222222222,23:57:39
25|01|2022,A1,19,02356789,23:57:55
25|01|2022,abhishek,02,2222222222,23:59:12
25|01|2022,abhishek,02,2222222222,23:59:12
25|01|2022,A2,25,02356789,23:59:26
26|01|2022,abhishek,25,02356789,00:11:47
26|01|2022,abhishek,25,02356789,00:11:47
26|01|2022,A2,19,0123456789,00:12:03
26|01|2022,abhishek,25,2222222222,00:19:45
26|01|2022,abhishek,25,2222222222,00:25:48
26|01|2022,A2,"m,m",2222222222,20:30:50
26|01|2022,A2,"m,m",2222222222,20:30:50
26|01|2022,abhishek,25,2222222222,20:31:02
26|01|2022,abhishek,25,2222222222,20:34:19
26|01|2022,A3,"m,m",22225,20:34:33
26|01|2022,A1,19,02356789,20:35:30
26|01|2022,abhishek,02,0123456789,20:35:45
